mcce_folder,net_charge,isoelectric_point,acid_fraction_all_residues,base_fraction_all_residues,acid_to_base_ratio,acid_big_pka_shift_fraction_all_residues,base_big_pka_shift_fraction_all_residues,acid_big_pka_shift_fraction_acids_only,base_big_pka_shift_fraction_bases_only,mean_abs_pka_shift,max_abs_pka_shift,surface_net_charge,surface_acid_to_base_ratio,surface_positive_charge_density,surface_negative_charge_density,largest_positive_patch_area,largest_negative_patch_area,largest_positive_patch_charge,largest_negative_patch_charge,largest_positive_patch_density,largest_negative_patch_density,all_charge_dipole_magnitude,surface_charge_dipole_magnitude,all_charge_dipole_normalized,surface_charge_dipole_normalized
/home/granepura/MCCE-ML/cat100/mcce4/1BET,3.71,9.204334365325078,0.11926605504587157,0.1559633027522936,0.7647058823529411,0.06422018348623854,0.05504587155963303,0.5384615384615384,0.35294117647058826,1.328766666666667,4.75,6.7,0.5732483711306771,0.0022704292351646348,0.00130151994372495,507.212,336.561,3.94,-4.0,0.007767955001522135,0.011884918300442065,70.7385604272845,60.65490258438209,0.12395946257457899,0.12043006631955128
/home/granepura/MCCE-ML/cat100/mcce4/1F0K,20.59,9.975723622782446,0.07932011331444759,0.1274787535410765,0.6222222222222222,0.05524079320113314,0.0708215297450425,0.6964285714285714,0.5555555555555556,1.6770821917808219,7.02,20.66,0.6855403244209997,0.00249143762653701,0.0017079809847675331,825.111,379.28700000000003,8.74,-6.0,0.010592514206461295,0.015819155373584762,321.9497153153961,377.97796103017123,0.0689058629008986,0.09114728003334621
/home/granepura/MCCE-ML/cat100/mcce4/1FJH,5.8,8.225919439579684,0.09583333333333334,0.11666666666666667,0.8214285714285714,0.06875,0.06041666666666667,0.717391304347826,0.5178571428571429,1.5196372549019612,7.02,9.76,0.7716958883813828,0.0025679397258853228,0.001981668574431738,415.596,386.773,3.0,-5.0,0.007218548765583526,0.012927479392492548,113.8375154265798,158.44456008667822,0.05097273793264841,0.08060065568853614
/home/granepura/MCCE-ML/cat100/mcce4/1GQP,3.46,7.560777957860616,0.12435233160621761,0.14248704663212436,0.8727272727272727,0.08290155440414508,0.08031088082901554,0.6666666666666666,0.5636363636363636,1.5096699029126213,4.75,0.040000000000000036,0.9989580359740028,0.002622553123258388,0.00261982058548995,519.296,550.997,7.24,-9.72,0.013941952154567044,0.017640749373153124,164.1543544600175,170.6699447596403,0.06764594348115785,0.08330709117642235
/home/granepura/MCCE-ML/cat100/mcce4/1I1R,1.19,7.2489539748953975,0.1271186440677966,0.13347457627118645,0.9523809523809523,0.07203389830508475,0.05296610169491525,0.5666666666666667,0.3968253968253968,1.1654227642276422,4.147,3.72,0.9329487935661718,0.002413938501983474,0.002252081053761078,1027.383,738.034,9.49,-9.9,0.009237061534756695,0.013414016138261901,443.8130304595175,454.23586348030716,0.10656011692422712,0.11573970350817873
/home/granepura/MCCE-ML/cat100/mcce4/1IAP,2.51,8.00749063670412,0.140625,0.171875,0.8181818181818182,0.08333333333333333,0.08333333333333333,0.5925925925925926,0.48484848484848486,1.2773499999999998,5.413,1.2599999999999998,0.9519267091977599,0.0026458936253198704,0.002518696907734863,1123.251,447.266,10.28,-3.99,0.009152006088441491,0.008920865862996816,82.91284995072832,92.06528629875753,0.08230732298596906,0.08759562008813071
/home/granepura/MCCE-ML/cat100/mcce4/1JZT,6.12,9.090336134453782,0.10569105691056911,0.13821138211382114,0.7647058823529411,0.06097560975609756,0.044715447154471545,0.5769230769230769,0.3235294117647059,1.0933333333333333,4.75,6.97,0.7591568500636886,0.0027277990241070136,0.0020708273863037693,504.39300000000003,264.113,3.0,-2.0,0.0059477431170778675,0.0075725162806355,44.2365703541203,31.737296699261957,0.043232174772505516,0.02977910454224248
/home/granepura/MCCE-ML/cat100/mcce4/1KZ7,-0.23,6.945107398568019,0.14500941619585686,0.15819209039548024,0.9166666666666666,0.09792843691148775,0.08662900188323917,0.6753246753246753,0.5476190476190477,1.4711055900621117,4.75,0.87,0.9863443574581015,0.0026649123112647316,0.002628521262594188,604.297,809.029,5.97,-8.89,0.009879248101712819,0.010988481239870906,400.36751545234927,373.3721708681457,0.10070296181375993,0.10042820334792035
/home/granepura/MCCE-ML/cat100/mcce4/1LC0,-3.43,5.666666666666667,0.1506849315068493,0.14383561643835616,1.0476190476190477,0.09931506849315068,0.08561643835616438,0.6590909090909091,0.5952380952380952,1.6891976744186046,7.02,-2.12,1.0657771931189206,0.0023617791295842345,0.0025171304095941193,1031.751,519.321,10.0,-5.93,0.009692261010949093,0.011418756392638162,92.71415425852496,118.90539577887051,0.055840365983671876,0.07671800572942072
/home/granepura/MCCE-ML/cat100/mcce4/1N0W,-1.67,6.017647058823529,0.13953488372093023,0.1511627906976744,0.9230769230769231,0.08139534883720931,0.08527131782945736,0.5833333333333334,0.5641025641025641,1.4343733333333333,6.779999999999999,1.27,0.9605221958183962,0.0028374734541139024,0.0027254563174423244,467.03099999999995,286.86,3.0,-2.98,0.006423556452519092,0.010388342709376202,97.98838562666234,98.10892237124166,0.07697178133383505,0.07239490718714191
/home/granepura/MCCE-ML/cat100/mcce4/1N3L,3.96,8.09047619047619,0.14497041420118342,0.16863905325443787,0.8596491228070176,0.09763313609467456,0.07692307692307693,0.673469387755102,0.45614035087719296,1.5116132075471698,7.02,5.8999999999999995,0.8631725217260547,0.0028267317040362914,0.00243995718980127,912.806,483.38300000000004,10.0,-3.99,0.01095523034362698,0.008254324193746316,62.28893283060491,110.35054923892737,0.028727090878157037,0.05666474438304254
/home/granepura/MCCE-ML/cat100/mcce4/1NXU,-13.74,4.82874617737003,0.12855007473841554,0.11659192825112108,1.1025641025641026,0.09118086696562033,0.08071748878923767,0.7093023255813954,0.6923076923076923,1.6770731707317075,7.02,-9.0,1.1478317814088077,0.0028637724876293415,0.0032871291300186987,857.449,846.581,7.0,-12.99,0.008163750837468176,0.015344072197056073,39.56972565213859,158.21337407786189,0.010065274447204373,0.04127683765129847
/home/granepura/MCCE-ML/cat100/mcce4/1P5V,0.67,7.299107142857143,0.11275964391691394,0.11869436201780416,0.95,0.0771513353115727,0.05637982195845697,0.6842105263157895,0.475,1.3044615384615381,4.75,2.48,0.9278859863947082,0.0025470974160295085,0.002363416067039884,266.904,532.925,2.0,-7.97,0.00749333090739243,0.014955200046994981,58.89382304796164,86.06403189866182,0.03492268708356462,0.053431896231482326
/home/granepura/MCCE-ML/cat100/mcce4/1QHQ,-5.97,3.8380681818181817,0.06993006993006994,0.04895104895104895,1.4285714285714286,0.027972027972027972,0.04195804195804196,0.4,0.8571428571428571,1.4478235294117647,7.02,-4.97,2.0020157254000552,0.000864293692422219,0.001730329912450128,111.123,211.132,1.0,-2.0,0.008999037022047308,0.009472746862281669,27.43510166117062,38.89752455659065,0.12156147558460187,0.160956981995717
/home/granepura/MCCE-ML/cat100/mcce4/1SZW,0.32,7.1454545454545455,0.13313609467455623,0.14497041420118342,0.9183673469387755,0.07692307692307693,0.07692307692307693,0.5777777777777777,0.5306122448979592,1.4076170212765957,4.75,0.14000000000000012,0.99611432150668,0.00233538001537375,0.0023263055440400746,1241.916,508.692,10.26,-5.0,0.008261428302508842,0.00982913037785314,295.1579321903358,257.90907858921474,0.14940674123614767,0.14909747323107708
/home/granepura/MCCE-ML/cat100/mcce4/1TUC,-0.1,6.777777777777778,0.15873015873015872,0.15873015873015872,1.0,0.06349206349206349,0.07936507936507936,0.4,0.5,0.9301999999999999,2.599,-0.97,1.107897540834534,0.0021869573652328373,0.002422924956364745,279.713,260.81399999999996,3.85,-2.0,0.01376410816170822,0.007668299985168358,24.70813644661536,20.84734028100004,0.10397601488681615,0.08254595345416899
/home/granepura/MCCE-ML/cat100/mcce4/1VKK,-0.95,6.233870967741935,0.17266187050359713,0.17266187050359713,1.0,0.1079136690647482,0.08633093525179857,0.625,0.5,1.1049166666666668,2.955,-2.09,1.100432431502526,0.0028417738291008597,0.003127180234810653,384.60699999999997,518.082,3.95,-5.93,0.010270223864177658,0.011446064500511378,90.49370223816855,104.36229794792513,0.12405776503453483,0.134674679568831
/home/granepura/MCCE-ML/cat100/mcce4/1VM0,9.75,9.382789317507418,0.12745098039215685,0.1715686274509804,0.7428571428571429,0.0784313725490196,0.05392156862745098,0.6153846153846154,0.3142857142857143,1.036081967213115,4.162,8.78,0.7400828673746931,0.0030509404083011826,0.002257948792407625,803.578,791.7049999999999,7.72,-7.0,0.009607032534978518,0.008841677128675863,180.58006655734627,196.47969167903167,0.13874794244959351,0.14593879383841113
/home/granepura/MCCE-ML/cat100/mcce4/1XHN,3.98,7.995,0.09221902017291066,0.11527377521613832,0.8,0.05475504322766571,0.06051873198847262,0.59375,0.525,1.5501805555555555,5.916,6.09,0.7904335584847364,0.0022027767416639547,0.0017411487183764981,353.049,486.295,3.28,-5.99,0.0092904950607692,0.012317626106956423,169.97458952384167,179.58600121418206,0.12873553679994287,0.1509372274147506
/home/granepura/MCCE-ML/cat100/mcce4/1YIX,-6.95,4.997539975399754,0.16356877323420074,0.1524163568773234,1.0731707317073171,0.12267657992565056,0.11524163568773234,0.75,0.7560975609756098,1.6988705882352944,7.02,-5.89,1.1909237863557929,0.0029191632133089653,0.0034765010196749235,626.691,612.643,6.0,-4.9399999999999995,0.009574096309705906,0.008063423546725542,123.0749671921334,142.94475953645355,0.08683040189951921,0.1006467155523078
/home/granepura/MCCE-ML/cat100/mcce4/1Z8G,3.92,8.656521739130435,0.09814323607427056,0.11671087533156499,0.8409090909090909,0.06631299734748011,0.06896551724137931,0.6756756756756757,0.5909090909090909,1.7212962962962965,7.02,3.15,0.8988763756379976,0.0022507495391743317,0.0020231456531904107,1046.434,275.92,13.99,-3.0,0.013369213908025528,0.010872716690081484,126.40906190625527,54.98342523710741,0.0768852151706787,0.03733783670003759
/home/granepura/MCCE-ML/cat100/mcce4/2AKZ,-24.94,4.809476801579467,0.14772727272727273,0.12272727272727273,1.2037037037037037,0.09431818181818181,0.08863636363636364,0.6384615384615384,0.7222222222222222,2.0289453781512607,8.562,-1.6599999999999995,1.0229281626667381,0.003087001421424003,0.0031577807357826195,1577.434,2033.07,40.4,-58.95,0.02561121414549755,0.02899555842691321,75.66135746724666,149.04913648680787,0.012694436285947014,0.032731738030050375
/home/granepura/MCCE-ML/cat100/mcce4/2AP1,-8.24,4.987804878048781,0.12297734627831715,0.11003236245954692,1.1176470588235294,0.07119741100323625,0.061488673139158574,0.5789473684210527,0.5588235294117647,1.3407777777777778,5.971,-5.9,1.2110156934543743,0.0021828591065015195,0.0026434767291180776,447.265,610.447,5.6,-5.99,0.012520541485426891,0.0098124816571914,72.731153264121,87.7330400141391,0.04762408334391016,0.06082018509319337
/home/granepura/MCCE-ML/cat100/mcce4/2ASK,20.02,12.617473435655254,0.06796116504854369,0.18446601941747573,0.3684210526315789,0.06310679611650485,0.05339805825242718,0.9285714285714286,0.2894736842105263,1.1810576923076925,4.75,19.99,0.33322213698391806,0.002853808472817064,0.0009509521895744653,820.218,239.017,7.72,-2.0,0.009412131885166954,0.008367605616472444,95.51449611185463,86.77690606541603,0.09456050257589906,0.09577621472569427
/home/granepura/MCCE-ML/cat100/mcce4/2BCM,-4.2,5.374371859296482,0.10023866348448687,0.09307875894988067,1.0769230769230769,0.050119331742243436,0.045346062052505964,0.5,0.48717948717948717,1.055283950617284,2.917,-9.17,1.2795731317203316,0.0018859277075677086,0.002413182496543193,490.201,235.392,3.98,-3.0,0.008119118467487585,0.01274469815140405,57.663711476053294,47.6341606561964,0.0291109859587143,0.02417439523036641
/home/granepura/MCCE-ML/cat100/mcce4/2C2Q,3.77,8.981927710843374,0.10215053763440861,0.13978494623655913,0.7307692307692307,0.07526881720430108,0.06989247311827956,0.7368421052631579,0.5,1.4658444444444447,4.75,4.9399999999999995,0.7521324258839726,0.002448423100970435,0.0018415384989235737,541.725,271.707,7.54,-6.0,0.013918501058805665,0.02208261096665669,80.65078412464023,62.72805991403679,0.12352412584060994,0.09704705883063444
/home/granepura/MCCE-ML/cat100/mcce4/2CBL,10.12,9.254038179148312,0.11285266457680251,0.15673981191222572,0.72,0.07523510971786834,0.08150470219435736,0.6666666666666666,0.52,1.4450348837209306,7.02,9.879999999999999,0.751133482339207,0.002915353197028796,0.0021898194542921585,1334.246,239.862,14.98,-3.86,0.011227314894534204,0.016092586503520415,171.5642282751488,135.5947351086752,0.10058762254593996,0.08216404347582751
/home/granepura/MCCE-ML/cat100/mcce4/2CH7,-43.59,4.735376915858618,0.18488745980707397,0.10932475884244373,1.6911764705882353,0.04180064308681672,0.05144694533762058,0.22608695652173913,0.47058823529411764,0.9354644808743169,9.983,-40.72,1.6383445424307175,0.0021968619759663898,0.0035992168852209973,423.261,854.005,4.0,-11.56,0.009450433634446751,0.013536220498081135,300.36221678172905,378.4728630613938,0.026304375949473564,0.032880544191617525
/home/granepura/MCCE-ML/cat100/mcce4/2EAQ,-5.49,4.659955257270694,0.16129032258064516,0.10752688172043011,1.5,0.053763440860215055,0.043010752688172046,0.3333333333333333,0.4,0.8112,2.334,-3.49,1.3724651683601743,0.0017100868107756844,0.00234703483314571,211.955,360.756,2.0,-3.89,0.009435965136769761,0.010782911411638584,53.19550286398834,56.45175332096725,0.1634460816934223,0.16982945630275142
/home/granepura/MCCE-ML/cat100/mcce4/2EYU,4.17,8.258485639686684,0.12449799196787148,0.14457831325301204,0.8611111111111112,0.08433734939759036,0.040160642570281124,0.6774193548387096,0.2777777777777778,1.0248507462686567,4.481999999999999,3.34,0.8897689475323779,0.0027240509422048046,0.0024237760198627567,769.766,493.73699999999997,8.65,-5.96,0.011237181154744194,0.012071203875603401,136.43240380077322,154.2314285101934,0.11540949510961379,0.125338128003483
/home/granepura/MCCE-ML/cat100/mcce4/2NLY,-0.45,6.715189873417722,0.14027149321266968,0.1493212669683258,0.9393939393939394,0.08597285067873303,0.08144796380090498,0.6129032258064516,0.5454545454545454,1.25721875,7.02,0.93,0.9675957851011922,0.0030602962598103773,0.002961129865328717,425.33,677.826,3.98,-6.99,0.009357440083329557,0.01031238103833081,135.14828596370575,146.88621911940956,0.12869643808978412,0.1310571806995603
/home/granepura/MCCE-ML/cat100/mcce4/2OYA,-0.71,6.297029702970297,0.1346153846153846,0.11538461538461539,1.1666666666666667,0.07692307692307693,0.08653846153846154,0.5714285714285714,0.75,1.4798846153846155,4.75,3.78,0.6594594000487027,0.0018852007829043198,0.0012432134892666326,355.942,411.53,3.0,-8.8,0.008428339424882875,0.021383617181290268,125.23802287121941,101.86079237355649,0.37097319635752174,0.3287592262803897
/home/granepura/MCCE-ML/cat100/mcce4/2PW9,3.99,7.9454976303317535,0.11205073995771671,0.14376321353065538,0.7794117647058824,0.06553911205073996,0.07822410147991543,0.5849056603773585,0.5441176470588235,1.76399173553719,7.02,7.1,0.8450119876661867,0.00277178380940802,0.002342190597297194,552.103,530.146,5.0,-17.93,0.009056281148524314,0.033820871922412184,133.53510173467137,168.57998319034422,0.05469543571932917,0.07757189355172102
/home/granepura/MCCE-ML/cat100/mcce4/2QSF,23.89,9.458955223880597,0.1345514950166113,0.19269102990033224,0.6982758620689655,0.09302325581395349,0.10299003322259136,0.691358024691358,0.5344827586206896,1.6143299492385785,7.02,28.51,0.690780903570706,0.0032407892339983116,0.002238675339624213,1478.718,1123.465,20.51,-17.76,0.01387012262387411,0.015808236112555146,565.5961597454119,653.0418367912603,0.102043822568679,0.13032723677871594
/home/granepura/MCCE-ML/cat100/mcce4/2QT7,3.44,8.375816993464053,0.11229946524064172,0.10695187165775401,1.05,0.053475935828877004,0.0481283422459893,0.47619047619047616,0.45,1.1352195121951218,4.75,3.44,0.8462225817513374,0.002774483138996584,0.0023478303898616603,279.625,281.521,1.76,-2.96,0.006294143920271278,0.010514313282084416,39.654578847700705,44.32813791050382,0.052746839410543256,0.058036498623283694
/home/granepura/MCCE-ML/cat100/mcce4/2V9T,11.24,9.411764705882353,0.10903426791277258,0.16199376947040497,0.6730769230769231,0.06230529595015576,0.08099688473520249,0.5714285714285714,0.5,1.4086896551724135,4.75,14.76,0.6537649389217701,0.002984005436658832,0.001950838177801587,768.7539999999999,536.576,5.51,-7.98,0.007167442371464159,0.014872077739458945,210.49028699740057,196.89116898388036,0.12432427912672636,0.1156057659963466
/home/granepura/MCCE-ML/cat100/mcce4/2VC8,-1.96,4.777272727272727,0.12162162162162163,0.0945945945945946,1.2857142857142858,0.06756756756756757,0.02702702702702703,0.5555555555555556,0.2857142857142857,0.8925624999999999,1.653,-1.94,1.279538720527562,0.0014496053268923499,0.0018548264125077905,400.27599999999995,194.565,3.0,-1.89,0.007494828549563731,0.009713977284126244,50.409378894188656,49.59050613539641,0.25381968967541485,0.22925255396186744
/home/granepura/MCCE-ML/cat100/mcce4/2W5E,-14.94,5.468941382327209,0.09320388349514563,0.13398058252427184,0.6956521739130435,0.06893203883495146,0.10097087378640776,0.7395833333333334,0.7536231884057971,2.3091623931623935,7.02,6.53,0.9114576147598967,0.00219103977323374,0.0019970399126341964,2658.529,509.929,33.28,-11.44,0.01251820084997448,0.022434495738750893,74.76996433379402,67.31117942230377,0.012100429498858612,0.014727939993728225
/home/granepura/MCCE-ML/cat100/mcce4/2W5Q,8.61,9.254310344827585,0.1308411214953271,0.15654205607476634,0.835820895522388,0.102803738317757,0.07009345794392523,0.7857142857142857,0.44776119402985076,1.7810081300813008,7.02,13.43,0.7212536172425568,0.0031502869289475417,0.002272155890015091,926.4440000000001,341.893,10.93,-6.97,0.011797798882827457,0.0203864951303873,217.4954146128955,234.70323208309404,0.08634480034706823,0.11076301218427623
/home/granepura/MCCE-ML/cat100/mcce4/2XES,8.14,9.389006342494714,0.11522633744855967,0.15637860082304528,0.7368421052631579,0.06995884773662552,0.06172839506172839,0.6071428571428571,0.39473684210526316,1.3115151515151513,4.75,6.57,0.7848018085554599,0.002664698065823305,0.0020912599298108874,539.706,370.777,5.97,-2.99,0.011061577949732672,0.008064146351947004,180.87337095362673,203.72765717249555,0.13866841643259856,0.15945439114283522
/home/granepura/MCCE-ML/cat100/mcce4/2Y65,3.44,7.8686868686868685,0.13218390804597702,0.16379310344827586,0.8070175438596491,0.09195402298850575,0.09482758620689655,0.6956521739130435,0.5789473684210527,1.688339805825243,7.02,2.6,0.9376049690999527,0.002821093710828139,0.002645071545045726,808.356,445.76,9.45,-6.98,0.011690393821917083,0.015658650359703315,220.25209230776233,237.40469314519228,0.11264313107884809,0.12127060758659716
/home/granepura/MCCE-ML/cat100/mcce4/3AGC,-5.53,5.898663697104677,0.16051660516605165,0.15313653136531366,1.0481927710843373,0.10516605166051661,0.1070110701107011,0.6551724137931034,0.6987951807228916,1.6552058823529412,4.75,-10.09,1.1590980580400811,0.0030590953845399584,0.003545791575489315,1479.503,1435.2549999999999,24.3,-19.88,0.016424434410457812,0.013851197164370653,102.44835591010441,168.88272997608644,0.02408280368087215,0.04296289434901378
/home/granepura/MCCE-ML/cat100/mcce4/3AJI,-2.61,6.245664739884393,0.14705882352941177,0.1568627450980392,0.9375,0.09477124183006536,0.07516339869281045,0.6444444444444445,0.4791666666666667,1.7436666666666665,7.02,2.25,0.932024141026461,0.0027220936467056258,0.0025370570695126453,997.365,788.674,17.66,-7.9,0.0177066570235504,0.01001681301777818,51.755964860047825,84.92914414095534,0.028873913363603933,0.05463468787603615
/home/granepura/MCCE-ML/cat100/mcce4/3BH7,-15.01,4.679194630872483,0.13485477178423236,0.10995850622406639,1.2264150943396226,0.07261410788381743,0.06224066390041494,0.5384615384615384,0.5660377358490566,1.4717627118644065,6.132000000000001,-13.92,1.3879598275373515,0.0019925971792647385,0.0027656449143641016,434.092,1490.301,5.0,-22.82,0.011518295634293432,0.015312342932526823,69.98336476252851,17.462715638274478,0.02550221278736985,0.007375215379549981
/home/granepura/MCCE-ML/cat100/mcce4/3C2A,11.41,9.526373626373626,0.07975460122699386,0.10020449897750511,0.7959183673469388,0.05725971370143149,0.04294478527607362,0.717948717948718,0.42857142857142855,2.052511363636363,12.5,11.14,0.6998113527401953,0.002029126245332948,0.001420005620891853,322.515,273.416,2.0,-4.0,0.006201261937580386,0.014629721689185264,80.71961462422625,98.81524740230483,0.04100936829598018,0.05734117096842641
/home/granepura/MCCE-ML/cat100/mcce4/3CAX,-3.65,5.825439783491205,0.17647058823529413,0.17086834733893558,1.0327868852459017,0.09243697478991597,0.0896358543417367,0.5238095238095238,0.5245901639344263,1.3593225806451612,7.02,-1.65,1.033516127696199,0.002361198416238695,0.0024403366934435265,736.131,1146.661,6.84,-12.95,0.009291824404498895,0.011293660453007765,237.02906335367055,349.958696860476,0.06901884933752896,0.11713801306483423
/home/granepura/MCCE-ML/cat100/mcce4/3DA0,17.77,10.395314787701318,0.07389162561576355,0.1330049261083744,0.5555555555555556,0.06157635467980296,0.07142857142857142,0.8333333333333334,0.5370370370370371,1.70075,7.02,12.12,0.6339474287542305,0.002486415953246788,0.0015762570479809748,552.658,139.356,11.08,-2.0,0.020048565260887267,0.01435173215109696,167.21123628859004,149.94575469427903,0.09499311732530423,0.10642512966003871
/home/granepura/MCCE-ML/cat100/mcce4/3HIE,5.41,8.485355648535565,0.14156626506024098,0.17771084337349397,0.7966101694915254,0.10240963855421686,0.09939759036144578,0.723404255319149,0.559322033898305,1.439169811320755,4.75,3.42,0.9173313773910715,0.0026057427999833373,0.0023903296896148818,1190.679,1475.845,12.96,-25.98,0.010884545699651587,0.017603474607696963,50.99323531121562,68.61889605622498,0.021323542481686237,0.03253534498361488
/home/granepura/MCCE-ML/cat100/mcce4/3I3W,-7.21,5.768153980752406,0.1262683201803833,0.12175873731679819,1.037037037037037,0.07666290868094701,0.060879368658399095,0.6071428571428571,0.5,1.577009090909091,4.75,10.02,0.8844290555429175,0.002720894075037523,0.002406437804773671,521.783,1480.704,5.0,-28.49,0.009582527584105792,0.019240847583824418,110.6876649964265,101.60997124707944,0.014243249716067824,0.015405780216986128
/home/granepura/MCCE-ML/cat100/mcce4/3KDJ,-4.41,5.861344537815126,0.15904139433551198,0.15904139433551198,1.0,0.10675381263616558,0.09803921568627451,0.6712328767123288,0.6164383561643836,1.706835616438356,7.02,7.71,0.8692998665994259,0.0032058566472203467,0.002786850803008296,545.7429999999999,872.16,6.0,-8.35,0.010994185887873624,0.009573931377758747,372.7703263230663,526.5195808882124,0.10336326381034568,0.16275141040187793
/home/granepura/MCCE-ML/cat100/mcce4/3O63,-1.46,6.394190871369295,0.13636363636363635,0.1409090909090909,0.967741935483871,0.1,0.08636363636363636,0.7333333333333333,0.6129032258064516,1.6019016393442622,6.12,3.53,0.8696454627161941,0.0028780217232316587,0.002502858625631668,603.23,410.088,5.24,-9.96,0.00868657061371853,0.024287469947212623,10.708233099630188,34.56531025112738,0.011279212322031626,0.03635508655714854
/home/granepura/MCCE-ML/cat100/mcce4/3QLL,-26.86,4.477259303012404,0.13452914798206278,0.11210762331838565,1.2,0.08819133034379671,0.10164424514200299,0.6555555555555556,0.9066666666666666,1.9264424242424238,7.02,-24.94,1.5599460808274344,0.0017583520537521055,0.0027429344565490866,375.815,651.341,4.97,-10.96,0.01322459185177656,0.01682682340459633,140.14188779022575,140.7390972548254,0.034238492543883864,0.03962461906372168
/home/granepura/MCCE-ML/cat100/mcce4/3R7F,-19.83,5.115214180206794,0.1449438202247191,0.13820224719101123,1.048780487804878,0.09325842696629214,0.1,0.6434108527131783,0.7235772357723578,1.9765714285714286,10.102,-15.44,1.1909000841876844,0.0027432554090262916,0.003266943137950203,906.596,945.957,10.43,-10.62,0.011504573137864524,0.011226725938677205,376.7845166344347,336.0928675135474,0.053021737558440724,0.056429288678279156
/home/granepura/MCCE-ML/cat100/mcce4/3RPP,7.06,8.903896103896104,0.10909090909090909,0.15,0.7272727272727273,0.06818181818181818,0.045454545454545456,0.625,0.30303030303030304,1.0936140350877193,4.75,12.05,0.5988681558299548,0.002718987566088053,0.0016283151236326256,402.652,291.17600000000004,2.0,-2.0,0.0049670683245902954,0.006868697946023373,125.30395123533319,124.84428397076397,0.12606481201004593,0.12376615238083567
/home/granepura/MCCE-ML/cat100/mcce4/3TXN,-1.94,6.302158273381295,0.14565826330532214,0.14565826330532214,1.0,0.0896358543417367,0.07563025210084033,0.6153846153846154,0.5192307692307693,1.2728557692307694,4.75,2.0,0.9553272067159436,0.0026205378639262136,0.0025034711735564923,481.152,512.209,5.65,-5.96,0.011742650946597644,0.011635875176664458,257.09444945931017,316.2395348664729,0.09270726206944369,0.12316523914515562
/home/granepura/MCCE-ML/cat100/mcce4/3U9W,-5.17,5.793447293447294,0.11961722488038277,0.12759170653907495,0.9375,0.08293460925039872,0.0733652312599681,0.6933333333333334,0.575,1.7305419354838711,7.02,4.58,0.92174951440715,0.002842851648662449,0.0026203971714563318,666.543,1007.537,5.95,-13.94,0.008926655881275994,0.013835720163293536,86.56631569779823,81.62601121332591,0.023300567008187056,0.02458899607353673
/home/granepura/MCCE-ML/cat100/mcce4/4BXF,0.82,7.103535353535354,0.12989921612541994,0.167973124300112,0.7733333333333333,0.10078387458006718,0.11534154535274356,0.7758620689655172,0.6866666666666666,1.970330827067669,7.02,6.41,0.9344446621554033,0.0030517274670967343,0.002851670471145721,631.054,1108.09,7.72,-22.52,0.01223350139253772,0.020323258922719942,387.16610306689495,522.4247324598323,0.052115486355170444,0.07979729775760869
/home/granepura/MCCE-ML/cat100/mcce4/4CJ0,-3.9,5.7650273224043715,0.12459016393442623,0.11639344262295082,1.0704225352112675,0.09016393442622951,0.08524590163934426,0.7236842105263158,0.7323943661971831,2.0947959183673466,7.02,-2.91,1.0606502488401366,0.002447079857862958,0.002595495914269403,760.799,684.297,9.39,-18.92,0.012342287499927988,0.027648813267267265,56.729837483632245,49.60694216078043,0.01621840040498366,0.01749085849826773
/home/granepura/MCCE-ML/cat100/mcce4/4CPC,22.96,9.03833470733718,0.13553113553113552,0.19413919413919414,0.6981132075471698,0.13553113553113552,0.19413919413919414,1.0,1.0,5.766461111111112,6.828,14.33,0.0,0.00047427435608239735,0.0,237.951,0.0,1.92,0.0,0.008068888098520754,0.0,115.5999581074833,99.29351581291841,0.084806948875688,0.11460880731834912
/home/granepura/MCCE-ML/cat100/mcce4/4D0P,-6.95,5.354892205638475,0.13020833333333334,0.13802083333333334,0.9433962264150944,0.06770833333333333,0.08333333333333333,0.52,0.6037735849056604,1.2717961165048544,4.75,-2.23,1.0497989939750112,0.00250978482588411,0.0026347696441449756,838.059,681.252,12.87,-9.96,0.01535691399369625,0.014620140543264257,215.01848097109502,209.96993936492638,0.06548089919792925,0.0697892837389524
/home/granepura/MCCE-ML/cat100/mcce4/4DK2,-1.3,6.424778761061947,0.12878787878787878,0.125,1.0303030303030303,0.08333333333333333,0.06439393939393939,0.6470588235294118,0.5151515151515151,1.2566716417910448,4.965,2.01,0.9344422395811401,0.002362643599192182,0.0022077540481688198,522.866,377.919,4.85,-3.9,0.0092757991353888,0.010319671648369964,173.23043438618586,184.84009364804209,0.13011508422467477,0.12831284250685496
/home/granepura/MCCE-ML/cat100/mcce4/4E9S,0.33,7.088709677419355,0.10927835051546392,0.12989690721649486,0.8412698412698413,0.08041237113402062,0.0865979381443299,0.7358490566037735,0.6666666666666666,2.1121724137931035,7.02,6.16,0.8424955038993736,0.0023192109534169365,0.0019539248508076723,448.733,328.632,4.42,-3.99,0.009849955296691004,0.012141240012715621,116.43668143032353,141.46875525913293,0.05228291089073725,0.07559533813000902
/home/granepura/MCCE-ML/cat100/mcce4/4F0Z,-0.1,6.96309963099631,0.14464285714285716,0.1357142857142857,1.0657894736842106,0.10535714285714286,0.08392857142857142,0.7283950617283951,0.618421052631579,1.7670318471337578,7.02,-1.2899999999999998,1.0223841571684165,0.0027019792805729574,0.0027624608573895305,758.034,759.126,6.52,-12.0,0.008601197296425757,0.01580765246374429,288.5375590060322,385.2006287569285,0.05990344517784951,0.10110939018262693
/home/granepura/MCCE-ML/cat100/mcce4/4GIE,2.37,7.849462365591398,0.13356164383561644,0.18493150684931506,0.7222222222222222,0.0958904109589041,0.13013698630136986,0.717948717948718,0.7037037037037037,1.8461290322580646,7.02,4.05,0.8843187408078053,0.0032100535831193857,0.0028387106236325674,392.651,619.403,2.93,-6.98,0.007462097365186648,0.011268915372917285,113.4243078303016,106.09716320717972,0.07612949287549696,0.07305289897724741
/home/granepura/MCCE-ML/cat100/mcce4/4IKD,-3.07,4.911827956989248,0.11320754716981132,0.1069182389937107,1.0588235294117647,0.05660377358490566,0.05660377358490566,0.5,0.5294117647058824,1.1891999999999996,4.0969999999999995,-3.06,1.2059218569366181,0.0016406307616235673,0.0019784726277452445,204.494,383.186,2.0,-3.0,0.009780238003167633,0.007829096032138189,68.94429817910611,71.21028735156902,0.1087866404764757,0.11743774895444038
/home/granepura/MCCE-ML/cat100/mcce4/4ML9,-5.84,5.887456037514654,0.14186851211072665,0.14705882352941177,0.9647058823529412,0.09342560553633218,0.0986159169550173,0.6585365853658537,0.6705882352941176,1.8312634730538924,7.02,-1.92,1.0343531752665385,0.002794300486805527,0.002890293632890097,510.936,907.89,6.0,-19.93,0.011743153718385173,0.021951998565958433,94.7411370088019,169.66249454102402,0.02331134934994628,0.04934993194347516
/home/granepura/MCCE-ML/cat100/mcce4/4OUH,-13.93,4.988745980707396,0.1515650741350906,0.13838550247116968,1.0952380952380953,0.10049423393739704,0.10378912685337727,0.6630434782608695,0.75,1.7444545454545455,4.75,0.6999999999999998,0.9896280783874934,0.0027315184485261954,0.00270318739334812,1948.194,499.405,26.63,-6.0,0.013669069911071962,0.01201429698938878,14.978563163810204,54.50539521742116,0.0030785196961684,0.013026736116943277
/home/granepura/MCCE-ML/cat100/mcce4/4PWS,-4.59,5.029126213592233,0.10614525139664804,0.10614525139664804,1.0,0.061452513966480445,0.061452513966480445,0.5789473684210527,0.5789473684210527,1.4738684210526316,6.0,-4.66,1.3511679464078414,0.0016582034144922225,0.002240511471126266,364.456,390.65299999999996,1.8399999999999999,-4.0,0.005048620395744286,0.010239266023198938,42.46810902627666,77.06033540696181,0.07438550466483944,0.13431007750428797
/home/granepura/MCCE-ML/cat100/mcce4/4RXV,3.17,9.155844155844155,0.08225108225108226,0.11255411255411256,0.7307692307692307,0.06060606060606061,0.06060606060606061,0.7368421052631579,0.5384615384615384,1.3683111111111108,4.75,4.64,0.7031349518147824,0.001536433829782356,0.0010803203959890014,286.672,280.568,2.0,-3.0,0.006976614364232941,0.01069259498341723,107.98855862373581,85.14072558027675,0.15120812555279392,0.15761742249540614
/home/granepura/MCCE-ML/cat100/mcce4/4TLV,2.13,7.424302788844622,0.11952861952861953,0.12121212121212122,0.9861111111111112,0.10437710437710437,0.08585858585858586,0.8732394366197183,0.7083333333333334,1.8931328671328669,4.75,3.48,0.9282474035412908,0.00221635854474463,0.0020573291068949123,721.472,624.366,12.67,-8.98,0.017561319056649018,0.014382589675955147,58.838816674543054,196.0145487952461,0.01706481381220265,0.07288148243205556
/home/granepura/MCCE-ML/cat100/mcce4/4UCI,15.1,9.574946466809422,0.11436170212765957,0.17819148936170212,0.6417910447761194,0.09840425531914894,0.0851063829787234,0.8604651162790697,0.47761194029850745,1.7157090909090915,7.881,19.43,0.5988852064639719,0.0031623986360711518,0.0018939137991829918,1516.257,762.628,18.97,-15.96,0.012511071663635468,0.020927634415563508,71.73647661686559,56.814333115606,0.032719990000469136,0.028935469788137668
/home/granepura/MCCE-ML/cat100/mcce4/4XO1,-0.99,5.613636363636363,0.20967741935483872,0.1935483870967742,1.0833333333333333,0.08064516129032258,0.0967741935483871,0.38461538461538464,0.5,0.81696,2.967,-0.98,1.0818029147076031,0.0021697073354273893,0.0023471959154540037,307.19,280.389,3.0,-2.99,0.009765942869995953,0.010663756386078782,40.53388136767015,40.417958619840405,0.09832931392394999,0.09784107819587365
/home/granepura/MCCE-ML/cat100/mcce4/4XRF,4.52,8.689138576779026,0.1476510067114094,0.18791946308724833,0.7857142857142857,0.06040268456375839,0.06040268456375839,0.4090909090909091,0.32142857142857145,0.7818599999999998,2.602,5.53,0.7827965128516687,0.0025099686468331196,0.0019647947812798145,875.866,451.807,7.72,-4.98,0.008814133658785552,0.011022405560289227,59.12202842951561,77.22051506634014,0.0679654389026874,0.08855224029929987
/home/granepura/MCCE-ML/cat100/mcce4/4Y88,-1.03,5.851674641148326,0.09565217391304348,0.10434782608695652,0.9166666666666666,0.02608695652173913,0.06956521739130435,0.2727272727272727,0.6666666666666666,1.0112173913043478,2.392999999999999,-1.1,1.1115617533913031,0.0016848111368263467,0.0018727718113201585,239.27,192.635,1.99,-2.0,0.008316964064375125,0.010382329221676595,30.12104652712756,37.912819562615624,0.08516351090961963,0.11236024737976603
/home/granepura/MCCE-ML/cat100/mcce4/5D18,0.09,7.037974683544304,0.14009661835748793,0.1497584541062802,0.9354838709677419,0.08695652173913043,0.09178743961352658,0.6206896551724138,0.6129032258064516,1.2875,3.7030000000000003,2.95,0.8937702234868483,0.002675280485126974,0.002391086123185146,655.232,439.50600000000003,6.24,-5.0,0.009523344388669442,0.011376408942366181,83.05822943402919,116.71770311397503,0.07054482185299978,0.09839813265405878
/home/granepura/MCCE-ML/cat100/mcce4/5D88,-22.02,4.0881383855024716,0.18972332015810275,0.11462450592885376,1.6551724137931034,0.07114624505928854,0.09486166007905138,0.375,0.8275862068965517,1.443883116883117,6.698,-17.04,1.7195945219765827,0.0019906183701298786,0.0034230565891760416,327.589,1654.815,2.98,-19.83,0.009096764515607165,0.011983212617734782,66.214003633923,70.87779285052746,0.04724660555034484,0.048295851387766375
/home/granepura/MCCE-ML/cat100/mcce4/5DI0,0.64,7.125490196078431,0.10074074074074074,0.10666666666666667,0.9444444444444444,0.057777777777777775,0.06222222222222222,0.5735294117647058,0.5833333333333334,1.4324857142857144,4.75,1.4200000000000004,0.974683526926662,0.0020972897922375416,0.002044193848130262,649.139,630.885,5.87,-7.92,0.009042747379154932,0.01255379346068809,74.91590937404072,99.24711206040764,0.015352529045331548,0.024206811788769066
/home/granepura/MCCE-ML/cat100/mcce4/5FB8,7.14,9.046610169491526,0.08872458410351201,0.11460258780036968,0.7741935483870968,0.06099815157116451,0.05730129390018484,0.6875,0.5,1.5200999999999998,7.02,8.05,0.8285774951325064,0.002246482145669514,0.0018613845887564052,558.719,366.223,7.0,-6.96,0.01252865928574353,0.019004813954872267,93.37270240728756,59.64000792773773,0.03254046406545764,0.022976345562956822
/home/granepura/MCCE-ML/cat100/mcce4/5HZR,-1.63,6.683495145631068,0.14956521739130435,0.1582608695652174,0.945054945054945,0.09565217391304348,0.09565217391304348,0.6395348837209303,0.6043956043956044,1.7100960451977403,7.02,-2.9,1.0470702638034368,0.00257998562634438,0.002701426274232689,586.783,1295.198,4.93,-15.629999999999999,0.008401743049131036,0.012067652967293297,524.9076763955105,427.5548952762234,0.11341542887109876,0.11004847379342847
/home/granepura/MCCE-ML/cat100/mcce4/5IZ5,-11.08,5.5086285195277025,0.13298565840938723,0.12646675358539766,1.0515463917525774,0.09126466753585398,0.09126466753585398,0.6862745098039216,0.7216494845360825,1.6677989949748744,7.865,-7.0,1.1007484009679276,0.0023800972077746385,0.0026198882333132462,1980.984,1265.9769999999999,20.95,-16.52,0.010575552346422004,0.01304921020441192,345.3034262891918,247.6397076236826,0.03307663620524957,0.029171403677185563
/home/granepura/MCCE-ML/cat100/mcce4/5JZI,-8.46,5.790092359361881,0.1474056603773585,0.15212264150943397,0.9689922480620154,0.10495283018867925,0.10731132075471699,0.712,0.7054263565891473,1.8760787401574803,7.02,-9.64,1.1107536637091722,0.002479984256132227,0.0027546516300880485,481.76800000000003,831.018,5.96,-17.99,0.012371099756789367,0.02164814718616426,515.4432429048239,453.7636493485293,0.037384126783035695,0.0364798576993219
/home/granepura/MCCE-ML/cat100/mcce4/5KD5,-5.09,5.599033816425121,0.12730627306273062,0.12915129151291513,0.9857142857142858,0.0940959409594096,0.08487084870848709,0.7391304347826086,0.6571428571428571,1.803007194244604,6.4510000000000005,-8.72,1.1847848869509454,0.002479736991155776,0.0029379549729925715,1030.576,714.919,13.99,-9.99,0.01357493283991192,0.013973610976944786,171.55873250122715,133.43657981052655,0.046802910678606216,0.04174009029504704
/home/granepura/MCCE-ML/cat100/mcce4/5MSA,-4.05,6.198019801980198,0.10351201478743069,0.11829944547134935,0.875,0.07024029574861368,0.07578558225508318,0.6785714285714286,0.640625,2.0878666666666663,7.02,-4.9799999999999995,1.1247807285196512,0.002056010337334782,0.002312560863015745,660.721,426.734,6.42,-5.96,0.009716657999796196,0.013966545871745523,284.1043660257771,257.3298760751735,0.10679369369408293,0.10651465636572074
/home/granepura/MCCE-ML/cat100/mcce4/5N07,-6.37,4.814814814814815,0.15384615384615385,0.13986013986013987,1.1,0.06293706293706294,0.07692307692307693,0.4090909090909091,0.55,1.0981904761904762,4.945,-4.48,1.2855321041725876,0.0020186783713963337,0.0025950760198256246,422.433,794.69,4.0,-8.87,0.009468957184999852,0.011161585006528852,32.343822305471875,94.43149465224388,0.0425291940924907,0.13111331097186743
/home/granepura/MCCE-ML/cat100/mcce4/5TUC,-4.94,5.284188034188034,0.15615615615615616,0.14714714714714713,1.0612244897959184,0.09309309309309309,0.09009009009009009,0.5961538461538461,0.6122448979591837,1.434425742574257,4.75,-5.6899999999999995,1.152710650759242,0.002467603923313572,0.002844433400598978,687.948,601.719,8.34,-7.98,0.01212300927959234,0.013262004335475521,87.14968759371607,113.46970140701758,0.04021655759072914,0.05629385724990472
/home/granepura/MCCE-ML/cat100/mcce4/5VCU,-6.18,4.609919571045577,0.1631578947368421,0.13157894736842105,1.24,0.08947368421052632,0.07894736842105263,0.5483870967741935,0.6,1.3830535714285712,4.058,-4.13,1.198176525999207,0.002264175132179461,0.002712881624305237,507.74399999999997,545.008,4.0,-8.0,0.007877985741086087,0.014678683588720378,65.67407918817398,92.32476943202545,0.06936511226134533,0.09941233120937694
/home/granepura/MCCE-ML/cat100/mcce4/5VTM,7.87,8.5625,0.1634980988593156,0.1806083650190114,0.9052631578947369,0.12547528517110265,0.11026615969581749,0.7674418604651163,0.6105263157894737,1.803281767955801,7.02,7.83,0.8860095954868308,0.003406580010719812,0.0030182626212317334,1260.715,951.8,14.89,-12.86,0.01181075817150525,0.013511241843337633,182.5185874991341,190.57429253102424,0.0404238587130516,0.05194970877352682
/home/granepura/MCCE-ML/cat100/mcce4/5ZBR,-1.35,6.674698795180722,0.13994169096209913,0.16034985422740525,0.8727272727272727,0.08454810495626822,0.09329446064139942,0.6041666666666666,0.5818181818181818,1.429388349514563,7.02,0.5800000000000001,0.9859699809876636,0.002925742613991381,0.002884694459271618,536.199,606.3729999999999,6.58,-8.95,0.01227156333325582,0.014759891989320284,251.84824330147072,282.60009458778677,0.1306845168591898,0.14181549890768375
/home/granepura/MCCE-ML/cat100/mcce4/6C29,-15.33,3.9571713147410357,0.13654618473895583,0.07630522088353414,1.7894736842105263,0.0642570281124498,0.04417670682730924,0.47058823529411764,0.5789473684210527,1.1772264150943395,3.835,-18.01,2.3961238452617173,0.0011615277167830284,0.002783164474865381,177.735,318.978,1.0,-3.95,0.0056263538097372275,0.012383299122875875,102.6960804297589,114.33523076904015,0.09756842682362812,0.11619012591749794
/home/granepura/MCCE-ML/cat100/mcce4/6EEW,-7.43,5.779176201372998,0.11686991869918699,0.12296747967479675,0.9504132231404959,0.08841463414634146,0.08028455284552846,0.7565217391304347,0.6528925619834711,1.8995127118644066,7.991,-2.4299999999999997,1.0302163512780855,0.0029037234420820107,0.0029914634068203753,743.573,621.777,7.0,-7.98,0.009414005068212529,0.012834183295885529,49.27943638510793,31.736722787857275,0.007791103288411544,0.005786548424497827
/home/granepura/MCCE-ML/cat100/mcce4/6H9M,-4.82,5.675895765472313,0.16666666666666666,0.15625,1.0666666666666667,0.08333333333333333,0.08680555555555555,0.5,0.5555555555555556,1.1569784946236554,3.5389999999999997,-3.86,1.0918828590363518,0.002732380293305032,0.0029834392776458417,644.153,253.809,5.91,-3.99,0.00917483888272687,0.01572048266326063,426.3485578285347,510.71883475541784,0.12692396434940187,0.15421436060422414
/home/granepura/MCCE-ML/cat100/mcce4/6IRP,-12.08,4.76551094890511,0.1366906474820144,0.10071942446043165,1.3571428571428572,0.050359712230215826,0.03597122302158273,0.3684210526315789,0.35714285714285715,0.8180757575757575,3.5390000000000006,-14.07,1.5964391014650654,0.0014979297581114623,0.0023913537384687438,409.316,608.225,2.99,-5.9,0.007304869569464988,0.009700357581979764,284.1852425752092,319.7422394703851,0.16010973211421795,0.178986045089134
/home/granepura/MCCE-ML/cat100/mcce4/6IYX,10.7,9.362768496420047,0.05106382978723404,0.11063829787234042,0.46153846153846156,0.0425531914893617,0.05531914893617021,0.8333333333333334,0.5,1.6441842105263154,5.946,9.24,0.4345164972756121,0.0015201541364175386,0.00066053209109942,794.619,120.072,5.02,-1.0,0.006317493029593436,0.008328336262173228,36.0572937934578,68.79252458550673,0.05744186055211996,0.1419901315669261
/home/granepura/MCCE-ML/cat100/mcce4/6JC4,-2.8,6.075907590759076,0.11386138613861387,0.10891089108910891,1.0454545454545454,0.06930693069306931,0.06188118811881188,0.6086956521739131,0.5681818181818182,1.302077777777778,4.75,-4.6899999999999995,1.1467458965348591,0.0021352740184497248,0.002448616795249762,565.077,513.683,4.34,-6.9399999999999995,0.007680369210425536,0.013510277713083208,93.31511492535469,38.566307767134205,0.047982872684291154,0.0220203286789592
/home/granepura/MCCE-ML/cat100/mcce4/6KSY,-1.52,6.623762376237623,0.13448275862068965,0.13275862068965516,1.0129870129870129,0.09655172413793103,0.08275862068965517,0.717948717948718,0.6233766233766234,1.731348387096774,9.64,3.84,0.9277652195679983,0.002728931198247769,0.0025318074999544763,1108.131,352.379,12.9,-12.95,0.011641222913499194,0.03675020351170131,102.29384840040923,119.71327091811509,0.02470048182679744,0.039395041298061186
/home/granepura/MCCE-ML/cat100/mcce4/6KZ9,-10.73,5.473242392444911,0.15057915057915058,0.15444015444015444,0.975,0.12097812097812098,0.11196911196911197,0.8034188034188035,0.725,2.1183459915611813,7.02,-4.66,1.067234149946124,0.002751565585526822,0.002936564801059285,1475.7540000000001,1432.557,15.3,-20.96,0.010367581581776107,0.014631180459394507,201.80067820157544,255.91136026090635,0.03398590856546479,0.05682135359787098
/home/granepura/MCCE-ML/cat100/mcce4/6LZH,-15.03,4.762129380053908,0.13993174061433447,0.11604095563139932,1.2058823529411764,0.08703071672354949,0.06655290102389079,0.6219512195121951,0.5735294117647058,1.7175733333333334,7.02,-14.53,1.295085270205417,0.0026523110062691116,0.00343496898598256,1677.831,1520.682,31.16,-26.92,0.018571596293922573,0.017702583434470464,68.94363894708017,54.01466231353059,0.01823664182395396,0.016681511102277637
/home/granepura/MCCE-ML/cat100/mcce4/6M3G,-3.64,5.83843537414966,0.1650485436893204,0.16828478964401294,0.9807692307692307,0.0970873786407767,0.0970873786407767,0.5882352941176471,0.5769230769230769,1.5932135922330097,7.02,-1.7599999999999998,1.0450819404435978,0.002955131952776391,0.003088355114581884,709.546,404.14300000000003,7.0,-4.98,0.009865463254157639,0.012322371011443052,174.41974417619306,227.53861748137427,0.08631507947121653,0.11633708760537206
/home/granepura/MCCE-ML/cat100/mcce4/6QMS,5.58,9.03784860557769,0.14210526315789473,0.18421052631578946,0.7714285714285715,0.08947368421052632,0.08421052631578947,0.6296296296296297,0.45714285714285713,1.2594999999999998,4.75,7.97,0.7244121464587777,0.003241354482322362,0.002348076639165058,1037.98,510.868,8.29,-7.99,0.00798666640206298,0.015640047887830032,104.61248917115647,94.48890836544011,0.10432497165396201,0.09705877350418575
